severity,root_cause_type,confidence,duplicate_count,null_count,schema_change,failure_type
MEDIUM,DUPLICATE_RECORDS,MEDIUM,2,0,0,DUPLICATE_DATA
MEDIUM,DUPLICATE_RECORDS,MEDIUM,1,0,0,DUPLICATE_DATA
HIGH,POSSIBLE_COLUMN_RENAME,HIGH,2,2,1,SCHEMA_CHANGE
HIGH,INCOMPLETE_DATA,HIGH,0,10,1,NULL_DATA
LOW,MISSING_DATA,HIGH,1,1,0,NULL_DATA
MEDIUM,INCOMPLETE_DATA,MEDIUM,1,1,1,NULL_DATA
MEDIUM,REPEATED_DATA,HIGH,5,1,0,DUPLICATE_DATA
MEDIUM,DUPLICATE_RECORDS,HIGH,8,0,0,DUPLICATE_DATA
HIGH,POSSIBLE_COLUMN_RENAME,MEDIUM,0,2,1,SCHEMA_CHANGE
MEDIUM,SCHEMA_MISMATCH,HIGH,0,0,1,SCHEMA_CHANGE
HIGH,DUPLICATE_RECORDS,HIGH,4,2,0,DUPLICATE_DATA
HIGH,DUPLICATE_RECORDS,MEDIUM,1,0,0,DUPLICATE_DATA
LOW,INCOMPLETE_DATA,HIGH,0,8,0,NULL_DATA
MEDIUM,SCHEMA_MISMATCH,MEDIUM,0,1,1,SCHEMA_CHANGE
MEDIUM,SCHEMA_MISMATCH,MEDIUM,0,0,1,SCHEMA_CHANGE
LOW,DUPLICATE_RECORDS,HIGH,1,0,0,DUPLICATE_DATA
LOW,DUPLICATE_RECORDS,MEDIUM,4,2,0,DUPLICATE_DATA
MEDIUM,DUPLICATE_RECORDS,MEDIUM,8,1,0,DUPLICATE_DATA
LOW,MISSING_DATA,MEDIUM,0,10,0,NULL_DATA
MEDIUM,DUPLICATE_RECORDS,MEDIUM,8,0,0,DUPLICATE_DATA
MEDIUM,MISSING_DATA,MEDIUM,2,1,0,NULL_DATA
LOW,MISSING_DATA,HIGH,0,8,0,NULL_DATA
MEDIUM,POSSIBLE_COLUMN_RENAME,HIGH,0,2,1,SCHEMA_CHANGE
HIGH,INCOMPLETE_DATA,HIGH,0,10,0,NULL_DATA
HIGH,INCOMPLETE_DATA,MEDIUM,2,1,0,NULL_DATA
HIGH,SCHEMA_MISMATCH,HIGH,2,0,1,SCHEMA_CHANGE
HIGH,POSSIBLE_COLUMN_RENAME,HIGH,0,0,1,SCHEMA_CHANGE
HIGH,SCHEMA_MISMATCH,MEDIUM,0,0,0,SCHEMA_CHANGE
MEDIUM,SCHEMA_MISMATCH,HIGH,0,0,0,SCHEMA_CHANGE
LOW,INCOMPLETE_DATA,MEDIUM,0,10,0,NULL_DATA
MEDIUM,SCHEMA_MISMATCH,HIGH,0,0,1,SCHEMA_CHANGE
LOW,DUPLICATE_RECORDS,MEDIUM,2,1,1,DUPLICATE_DATA
HIGH,SCHEMA_MISMATCH,HIGH,0,0,1,SCHEMA_CHANGE
HIGH,SCHEMA_MISMATCH,MEDIUM,1,0,0,SCHEMA_CHANGE
HIGH,SCHEMA_MISMATCH,HIGH,1,1,0,SCHEMA_CHANGE
LOW,INCOMPLETE_DATA,HIGH,0,3,0,NULL_DATA
HIGH,SCHEMA_MISMATCH,HIGH,0,2,1,SCHEMA_CHANGE
HIGH,POSSIBLE_COLUMN_RENAME,HIGH,2,0,1,SCHEMA_CHANGE
MEDIUM,MISSING_DATA,HIGH,0,5,0,NULL_DATA
MEDIUM,INCOMPLETE_DATA,HIGH,1,5,0,NULL_DATA
HIGH,REPEATED_DATA,MEDIUM,3,0,0,DUPLICATE_DATA
HIGH,MISSING_DATA,HIGH,0,8,0,NULL_DATA
MEDIUM,POSSIBLE_COLUMN_RENAME,HIGH,0,1,1,SCHEMA_CHANGE
HIGH,INCOMPLETE_DATA,HIGH,1,10,0,NULL_DATA
MEDIUM,POSSIBLE_COLUMN_RENAME,HIGH,2,0,1,SCHEMA_CHANGE
HIGH,MISSING_DATA,MEDIUM,0,10,0,NULL_DATA
LOW,REPEATED_DATA,HIGH,1,2,0,DUPLICATE_DATA
HIGH,SCHEMA_MISMATCH,HIGH,0,0,0,SCHEMA_CHANGE
HIGH,REPEATED_DATA,HIGH,1,0,0,DUPLICATE_DATA
MEDIUM,REPEATED_DATA,HIGH,4,0,0,DUPLICATE_DATA
LOW,MISSING_DATA,MEDIUM,0,10,0,NULL_DATA
MEDIUM,REPEATED_DATA,MEDIUM,5,0,0,DUPLICATE_DATA
HIGH,SCHEMA_MISMATCH,HIGH,0,1,0,SCHEMA_CHANGE
HIGH,DUPLICATE_RECORDS,MEDIUM,2,0,1,DUPLICATE_DATA
MEDIUM,POSSIBLE_COLUMN_RENAME,HIGH,1,1,1,SCHEMA_CHANGE
HIGH,POSSIBLE_COLUMN_RENAME,HIGH,1,1,1,SCHEMA_CHANGE
MEDIUM,SCHEMA_MISMATCH,MEDIUM,2,1,1,SCHEMA_CHANGE
MEDIUM,POSSIBLE_COLUMN_RENAME,MEDIUM,0,0,0,SCHEMA_CHANGE
HIGH,INCOMPLETE_DATA,MEDIUM,0,5,0,NULL_DATA
MEDIUM,INCOMPLETE_DATA,HIGH,0,3,1,NULL_DATA
MEDIUM,SCHEMA_MISMATCH,HIGH,0,1,0,SCHEMA_CHANGE
LOW,INCOMPLETE_DATA,HIGH,0,5,1,NULL_DATA
HIGH,DUPLICATE_RECORDS,MEDIUM,4,0,0,DUPLICATE_DATA
MEDIUM,INCOMPLETE_DATA,MEDIUM,2,5,1,NULL_DATA
MEDIUM,REPEATED_DATA,HIGH,8,0,0,DUPLICATE_DATA
HIGH,REPEATED_DATA,HIGH,2,1,0,DUPLICATE_DATA
HIGH,POSSIBLE_COLUMN_RENAME,HIGH,0,2,1,SCHEMA_CHANGE
LOW,MISSING_DATA,MEDIUM,2,5,0,NULL_DATA
HIGH,POSSIBLE_COLUMN_RENAME,MEDIUM,0,0,0,SCHEMA_CHANGE
HIGH,POSSIBLE_COLUMN_RENAME,MEDIUM,0,2,1,SCHEMA_CHANGE
HIGH,INCOMPLETE_DATA,MEDIUM,0,10,1,NULL_DATA
LOW,MISSING_DATA,MEDIUM,2,10,0,NULL_DATA
LOW,MISSING_DATA,MEDIUM,0,3,0,NULL_DATA
HIGH,MISSING_DATA,HIGH,0,2,1,NULL_DATA
MEDIUM,DUPLICATE_RECORDS,HIGH,4,2,0,DUPLICATE_DATA
LOW,REPEATED_DATA,HIGH,2,2,1,DUPLICATE_DATA
HIGH,DUPLICATE_RECORDS,MEDIUM,4,0,0,DUPLICATE_DATA
LOW,INCOMPLETE_DATA,HIGH,2,2,0,NULL_DATA
LOW,MISSING_DATA,MEDIUM,1,10,1,NULL_DATA
MEDIUM,REPEATED_DATA,HIGH,5,0,1,DUPLICATE_DATA
HIGH,DUPLICATE_RECORDS,HIGH,8,2,0,DUPLICATE_DATA
MEDIUM,MISSING_DATA,MEDIUM,2,3,0,NULL_DATA
LOW,INCOMPLETE_DATA,MEDIUM,1,5,0,NULL_DATA
MEDIUM,POSSIBLE_COLUMN_RENAME,HIGH,0,0,1,SCHEMA_CHANGE
MEDIUM,DUPLICATE_RECORDS,HIGH,2,0,0,DUPLICATE_DATA
HIGH,SCHEMA_MISMATCH,HIGH,2,0,0,SCHEMA_CHANGE
LOW,REPEATED_DATA,HIGH,5,0,0,DUPLICATE_DATA
MEDIUM,MISSING_DATA,MEDIUM,2,5,0,NULL_DATA
HIGH,POSSIBLE_COLUMN_RENAME,MEDIUM,2,0,1,SCHEMA_CHANGE
HIGH,INCOMPLETE_DATA,MEDIUM,0,8,0,NULL_DATA
MEDIUM,SCHEMA_MISMATCH,HIGH,1,1,0,SCHEMA_CHANGE
MEDIUM,REPEATED_DATA,HIGH,8,1,1,DUPLICATE_DATA
LOW,INCOMPLETE_DATA,MEDIUM,0,1,0,NULL_DATA
MEDIUM,INCOMPLETE_DATA,MEDIUM,1,1,1,NULL_DATA
MEDIUM,INCOMPLETE_DATA,HIGH,1,3,0,NULL_DATA
HIGH,INCOMPLETE_DATA,HIGH,0,1,0,NULL_DATA
LOW,REPEATED_DATA,HIGH,8,2,1,DUPLICATE_DATA
MEDIUM,MISSING_DATA,MEDIUM,0,5,0,NULL_DATA
HIGH,INCOMPLETE_DATA,MEDIUM,1,5,0,NULL_DATA
HIGH,INCOMPLETE_DATA,MEDIUM,1,3,0,NULL_DATA
HIGH,SCHEMA_MISMATCH,HIGH,2,0,1,SCHEMA_CHANGE
MEDIUM,SCHEMA_MISMATCH,MEDIUM,0,0,1,SCHEMA_CHANGE
MEDIUM,POSSIBLE_COLUMN_RENAME,MEDIUM,0,0,1,SCHEMA_CHANGE
HIGH,SCHEMA_MISMATCH,HIGH,1,0,1,SCHEMA_CHANGE
LOW,REPEATED_DATA,MEDIUM,4,1,0,DUPLICATE_DATA
MEDIUM,SCHEMA_MISMATCH,HIGH,0,2,0,SCHEMA_CHANGE
HIGH,POSSIBLE_COLUMN_RENAME,HIGH,2,1,1,SCHEMA_CHANGE
HIGH,SCHEMA_MISMATCH,HIGH,2,2,0,SCHEMA_CHANGE
LOW,INCOMPLETE_DATA,MEDIUM,0,8,0,NULL_DATA
HIGH,SCHEMA_MISMATCH,HIGH,0,0,1,SCHEMA_CHANGE
MEDIUM,DUPLICATE_RECORDS,HIGH,4,2,1,DUPLICATE_DATA
MEDIUM,MISSING_DATA,MEDIUM,1,10,1,NULL_DATA
HIGH,SCHEMA_MISMATCH,HIGH,1,0,1,SCHEMA_CHANGE
MEDIUM,REPEATED_DATA,HIGH,1,0,0,DUPLICATE_DATA
HIGH,INCOMPLETE_DATA,MEDIUM,0,5,0,NULL_DATA
LOW,REPEATED_DATA,MEDIUM,4,0,0,DUPLICATE_DATA
HIGH,INCOMPLETE_DATA,MEDIUM,0,1,0,NULL_DATA
HIGH,DUPLICATE_RECORDS,MEDIUM,5,0,0,DUPLICATE_DATA
HIGH,INCOMPLETE_DATA,MEDIUM,0,8,1,NULL_DATA
LOW,DUPLICATE_RECORDS,MEDIUM,3,2,0,DUPLICATE_DATA
HIGH,MISSING_DATA,HIGH,1,5,1,NULL_DATA
HIGH,INCOMPLETE_DATA,HIGH,2,1,0,NULL_DATA
LOW,MISSING_DATA,MEDIUM,0,10,1,NULL_DATA
MEDIUM,MISSING_DATA,MEDIUM,2,10,1,NULL_DATA
HIGH,SCHEMA_MISMATCH,HIGH,0,2,0,SCHEMA_CHANGE
HIGH,POSSIBLE_COLUMN_RENAME,HIGH,0,0,0,SCHEMA_CHANGE
HIGH,POSSIBLE_COLUMN_RENAME,MEDIUM,0,0,0,SCHEMA_CHANGE
LOW,REPEATED_DATA,MEDIUM,4,2,0,DUPLICATE_DATA
HIGH,MISSING_DATA,MEDIUM,0,8,0,NULL_DATA
MEDIUM,SCHEMA_MISMATCH,MEDIUM,2,1,1,SCHEMA_CHANGE
HIGH,INCOMPLETE_DATA,MEDIUM,0,5,1,NULL_DATA
LOW,INCOMPLETE_DATA,MEDIUM,1,2,0,NULL_DATA
LOW,DUPLICATE_RECORDS,MEDIUM,1,1,1,DUPLICATE_DATA
LOW,REPEATED_DATA,HIGH,4,0,0,DUPLICATE_DATA
HIGH,REPEATED_DATA,HIGH,4,0,1,DUPLICATE_DATA
HIGH,SCHEMA_MISMATCH,HIGH,0,2,1,SCHEMA_CHANGE
HIGH,INCOMPLETE_DATA,HIGH,1,10,1,NULL_DATA
HIGH,INCOMPLETE_DATA,HIGH,0,2,0,NULL_DATA
HIGH,SCHEMA_MISMATCH,HIGH,0,2,1,SCHEMA_CHANGE
LOW,DUPLICATE_RECORDS,HIGH,3,0,0,DUPLICATE_DATA
LOW,INCOMPLETE_DATA,HIGH,0,8,1,NULL_DATA
HIGH,DUPLICATE_RECORDS,HIGH,2,0,1,DUPLICATE_DATA
HIGH,DUPLICATE_RECORDS,MEDIUM,5,0,0,DUPLICATE_DATA
HIGH,INCOMPLETE_DATA,MEDIUM,1,10,0,NULL_DATA
LOW,MISSING_DATA,HIGH,2,3,0,NULL_DATA
LOW,REPEATED_DATA,MEDIUM,3,0,1,DUPLICATE_DATA
MEDIUM,MISSING_DATA,MEDIUM,1,8,0,NULL_DATA
LOW,DUPLICATE_RECORDS,MEDIUM,3,0,0,DUPLICATE_DATA
HIGH,REPEATED_DATA,MEDIUM,2,1,0,DUPLICATE_DATA
MEDIUM,REPEATED_DATA,HIGH,8,0,0,DUPLICATE_DATA
LOW,MISSING_DATA,MEDIUM,0,1,0,NULL_DATA
HIGH,INCOMPLETE_DATA,HIGH,0,2,0,NULL_DATA
HIGH,REPEATED_DATA,HIGH,3,2,0,DUPLICATE_DATA
LOW,DUPLICATE_RECORDS,MEDIUM,1,0,0,DUPLICATE_DATA
HIGH,REPEATED_DATA,MEDIUM,1,2,0,DUPLICATE_DATA
HIGH,MISSING_DATA,MEDIUM,1,10,0,NULL_DATA
LOW,REPEATED_DATA,HIGH,8,0,1,DUPLICATE_DATA
MEDIUM,POSSIBLE_COLUMN_RENAME,HIGH,1,1,0,SCHEMA_CHANGE
HIGH,POSSIBLE_COLUMN_RENAME,HIGH,0,2,1,SCHEMA_CHANGE
HIGH,POSSIBLE_COLUMN_RENAME,MEDIUM,1,1,0,SCHEMA_CHANGE
HIGH,DUPLICATE_RECORDS,MEDIUM,8,0,1,DUPLICATE_DATA
LOW,REPEATED_DATA,HIGH,8,1,0,DUPLICATE_DATA
LOW,MISSING_DATA,MEDIUM,0,10,0,NULL_DATA
HIGH,REPEATED_DATA,HIGH,4,1,0,DUPLICATE_DATA
MEDIUM,POSSIBLE_COLUMN_RENAME,HIGH,2,0,1,SCHEMA_CHANGE
MEDIUM,MISSING_DATA,HIGH,0,8,0,NULL_DATA
MEDIUM,DUPLICATE_RECORDS,MEDIUM,2,0,0,DUPLICATE_DATA
HIGH,SCHEMA_MISMATCH,HIGH,0,0,1,SCHEMA_CHANGE
MEDIUM,POSSIBLE_COLUMN_RENAME,MEDIUM,0,0,1,SCHEMA_CHANGE
HIGH,SCHEMA_MISMATCH,HIGH,0,2,0,SCHEMA_CHANGE
HIGH,MISSING_DATA,MEDIUM,0,8,0,NULL_DATA
HIGH,REPEATED_DATA,MEDIUM,8,0,0,DUPLICATE_DATA
LOW,INCOMPLETE_DATA,HIGH,2,10,1,NULL_DATA
HIGH,SCHEMA_MISMATCH,HIGH,0,0,1,SCHEMA_CHANGE
HIGH,REPEATED_DATA,MEDIUM,5,1,1,DUPLICATE_DATA
HIGH,REPEATED_DATA,HIGH,8,0,0,DUPLICATE_DATA
LOW,MISSING_DATA,MEDIUM,1,5,1,NULL_DATA
HIGH,MISSING_DATA,MEDIUM,2,3,0,NULL_DATA
MEDIUM,INCOMPLETE_DATA,HIGH,0,1,0,NULL_DATA
MEDIUM,INCOMPLETE_DATA,HIGH,0,8,0,NULL_DATA
MEDIUM,REPEATED_DATA,MEDIUM,8,2,0,DUPLICATE_DATA
HIGH,INCOMPLETE_DATA,MEDIUM,0,8,0,NULL_DATA
MEDIUM,POSSIBLE_COLUMN_RENAME,HIGH,0,1,1,SCHEMA_CHANGE
HIGH,MISSING_DATA,MEDIUM,0,8,0,NULL_DATA
HIGH,SCHEMA_MISMATCH,MEDIUM,0,1,1,SCHEMA_CHANGE
HIGH,SCHEMA_MISMATCH,HIGH,0,0,1,SCHEMA_CHANGE
HIGH,DUPLICATE_RECORDS,MEDIUM,4,2,0,DUPLICATE_DATA
MEDIUM,SCHEMA_MISMATCH,MEDIUM,2,0,1,SCHEMA_CHANGE
HIGH,POSSIBLE_COLUMN_RENAME,HIGH,0,2,0,SCHEMA_CHANGE
HIGH,INCOMPLETE_DATA,MEDIUM,1,2,0,NULL_DATA
LOW,MISSING_DATA,MEDIUM,2,8,0,NULL_DATA
HIGH,SCHEMA_MISMATCH,HIGH,0,0,1,SCHEMA_CHANGE
HIGH,SCHEMA_MISMATCH,MEDIUM,0,0,1,SCHEMA_CHANGE
HIGH,INCOMPLETE_DATA,HIGH,0,5,0,NULL_DATA
HIGH,REPEATED_DATA,HIGH,4,0,1,DUPLICATE_DATA
MEDIUM,POSSIBLE_COLUMN_RENAME,MEDIUM,2,2,0,SCHEMA_CHANGE
HIGH,REPEATED_DATA,MEDIUM,1,2,0,DUPLICATE_DATA
MEDIUM,INCOMPLETE_DATA,MEDIUM,0,5,0,NULL_DATA
MEDIUM,SCHEMA_MISMATCH,HIGH,1,1,1,SCHEMA_CHANGE
MEDIUM,POSSIBLE_COLUMN_RENAME,HIGH,2,0,1,SCHEMA_CHANGE
